academic_freq,non_academic_freq,phrase,ratio
6181,1709,that for,3.616734932709186
5073,249,specify,20.37349397590361
28105,17118,often,1.641838999883164
10838,3086,separate,3.51198963058976
6334,322,conducted,19.67080745341615
124561,5094,method,24.45249312917158
8262,2852,difficulty,2.896914446002805
35485,176,proposed,201.6193181818182
6485,67,decoder,96.7910447761194
4977,1222,recognized,4.072831423895254
7813,1730,usage,4.516184971098266
26185,862,we also,30.37703016241299
5707,890,similar to the,6.412359550561797
36650,5833,order to,6.28321618378193
10688,1587,to improve,6.734719596723377
5360,3249,treatment,1.64973838104032
4820,3,tems,1606.666666666667
14845,6065,finding,2.44765045342127
11928,923,the form,12.92307692307692
5129,109,large scale,47.05504587155963
19181,122,nlp,157.2213114754098
14099,267,word in the,52.80524344569288
27275,2202,goal,12.38646684831971
10969,1852,chosen,5.922786177105832
5012,3059,planning,1.638443935926774
11424,2970,proper,3.846464646464646
6887,65,the distribution,105.9538461538462
23787,7554,various,3.148927720413026
29730,9807,us,3.031508106454573
14842,5289,map,2.806201550387597
33287,10982,weight,3.031050810417046
6724,2335,fold,2.8796573875803
8981,53,lm,169.4528301886793
24563,2725,according to,9.01394495412844
18846,8210,range,2.295493300852619
6203,199,to represent,31.17085427135678
30137,11983,reference,2.514979554368689
12685,3240,location,3.915123456790123
33333,6907,correct,4.82597364992037
4944,1254,google,3.942583732057416
18794,9851,condition,1.907826616587148
16291,24,clustering,678.7916666666666
23338,6801,negative,3.431554183208352
10018,5300,letter,1.890188679245283
11123,67,iteration,166.0149253731343
11732,324,compound,36.20987654320987
4908,233,sum of,21.06437768240343
9344,1,language processing,9344.0
5570,2474,to avoid,2.25141471301536
4785,298,to thank,16.05704697986577
1419,890,of and,1.59438202247191
8940,3522,but also,2.538330494037479
13847,159,ambiguity,87.0880503144654
6620,2121,generic,3.121169259783121
5519,305,classify,18.09508196721312
10546,11,machine learning,958.7272727272727
16126,953,consists of,16.92130115424974
21603,1146,associated,18.85078534031414
22856,210,hypothesis,108.8380952380952
49271,12820,we have,3.843291731669267
6175,19,the linguistic,325.0
26254,1058,property,24.81474480151229
55123,2102,tag,26.22407231208373
113514,5709,approach,19.88334209143458
222431,2807,al,79.2415390096188
5446,249,for example in,21.8714859437751
13339,3519,address,3.790565501562944
22629,8266,where the,2.737599806436003
11657,1915,index,6.087206266318538
22759,2248,distance,10.1241103202847
5712,193,showed that,29.59585492227979
4639,194,posed,23.91237113402062
5642,10,normalized,564.2
5059,26,total number of,194.5769230769231
45734,794,similarity,57.59949622166247
15381,692,grammatical,22.22687861271676
7862,1669,affect,4.710605152786099
19859,3723,gold,5.334139135106097
33046,358,the sentence,92.3072625698324
18120,7666,certain,2.363683798591182
7669,70,frequency of,109.5571428571429
24515,13546,tool,1.809759338550126
27917,1735,applied,16.09048991354467
107467,21314,type,5.042085014544431
20407,495,sentiment,41.22626262626262
5816,205,der,28.37073170731707
6585,363,supported by,18.1404958677686
4783,54,reported in,88.57407407407408
15868,30,bleu,528.9333333333333
24535,2235,follows,10.97762863534676
6521,584,li,11.16609589041096
5636,117,encoding,48.17094017094017
9512,2771,the overall,3.432695777697582
12675,29,preposition,437.0689655172414
10713,7,datasets,1530.428571428571
8887,332,in contrast,26.76807228915663
22662,1625,note that,13.94584615384615
61898,9608,error,6.442339716902581
7629,2097,set and,3.638054363376252
19367,1639,performance of,11.8163514338011
5296,213,identify the,24.86384976525822
9331,827,notion,11.28295042321644
12274,3466,both the,3.541257934218119
5659,16,markov,353.6875
9688,169,this approach,57.32544378698225
11085,113,fig,98.09734513274336
7246,5,referent,1449.2
7051,3145,to create,2.241971383147854
7332,415,the structure,17.66746987951807
7142,4096,intended,1.74365234375
11735,6862,ability,1.710142815505683
10026,242,ambiguous,41.4297520661157
13270,3495,un,3.796852646638055
10862,437,word is,24.8558352402746
8837,1433,language and,6.166782972784368
8506,293,formation,29.03071672354949
9280,1679,for both,5.527099463966647
8566,5226,nature,1.639112131649445
6134,723,gender,8.484094052558783
5803,31,unification,187.1935483870968
7985,20,corresponding to,399.25
15176,818,matching,18.55256723716381
7050,2410,this problem,2.925311203319502
8631,16,hierarchical,539.4375
4662,2519,van,1.850734418420008
5418,2,development set,2709.0
11978,2543,basis,4.710184821077467
5579,1199,choice of,4.653044203502919
7599,573,the basis,13.26178010471204
5199,117,analyzed,44.43589743589744
6451,2732,it can be,2.361273792093704
5636,4,compute the,1409.0
4613,674,in the second,6.844213649851632
17079,584,module,29.24486301369863
5855,165,determine the,35.48484848484848
9556,2453,to our,3.895637994292703
8047,1539,to provide,5.228719948018194
9281,3369,previously,2.75482338972989
19548,3768,cross,5.187898089171974
9531,722,er,13.20083102493075
33289,9445,difference,3.524510322922181
4693,80,predicting,58.6625
23707,4556,which are,5.203467954345918
13398,1,noun phrase,13398.0
7303,468,thus the,15.60470085470086
5645,148,evaluating,38.14189189189189
7698,3273,are more,2.351970669110907
16372,8566,amount of,1.911277142190054
40840,13346,used to,3.060092911733853
17629,9221,rather than,1.911831688537035
6676,769,extend,8.681404421326398
11523,4,svm,2880.75
5212,1771,dimensional,2.942970073404856
32426,4371,therefore,7.418439716312057
44716,12108,step,3.693095474066733
50959,2048,category,24.88232421875
7319,1476,set to,4.958672086720867
6834,224,conceptual,30.50892857142857
12371,2982,size of,4.148558014755197
8546,2694,the process,3.172234595397179
8572,138,the task of,62.11594202898551
60817,31063,three,1.957859833242121
23759,14588,four,1.628667397861256
5234,1504,illustrated,3.480053191489362
4688,9,rithm,520.8888888888889
14136,6062,built,2.331903662157704
11486,409,learner,28.08312958435208
7251,3044,empty,2.382063074901446
5548,1512,assumed,3.669312169312169
8028,97,evaluation of,82.76288659793815
4871,2912,sensitive,1.672733516483516
5097,343,the learning,14.8600583090379
6508,1484,the list,4.38544474393531
10032,91,relation between,110.2417582417582
19251,5398,compare,3.566320859577621
4928,546,we only,9.025641025641026
90938,2798,structure,32.50107219442459
18599,2119,which the,8.7772534214252
5988,1,repre,5988.0
8673,681,collected,12.73568281938326
6963,203,can be used to,34.30049261083744
22096,8882,we are,2.487727989191623
5939,1,ence,5939.0
5262,202,the accuracy of,26.04950495049505
5823,994,the size of the,5.858148893360161
6100,2406,noted,2.535328345802161
11514,32,tem,359.8125
58330,14652,question,3.981026481026481
4646,440,presence of,10.55909090909091
9576,442,predict,21.66515837104073
4124,2,of quot,2062.0
10924,1175,each of the,9.297021276595745
6376,1198,rely,5.32220367278798
7516,847,the initial,8.873671782762692
8649,650,default,13.30615384615385
7840,1823,gap,4.300603400987383
12371,389,structure of,31.80205655526992
9412,2079,mechanism,4.527176527176527
6021,343,note that the,17.55393586005831
9489,3,corpus and,3163.0
7209,1309,carried,5.507257448433919
16357,2,morphological,8178.5
8066,241,show that the,33.46887966804979
4831,1074,is often,4.498137802607077
17927,1075,consists,16.67627906976744
8270,5228,each other,1.581866870696251
5398,2521,max,2.141213804046013
19821,149,ment,133.0268456375839
8431,2801,core,3.009996429846483
9458,129,pp,73.31782945736434
11458,787,aim,14.55908513341804
18701,5217,lower,3.584627180371861
35129,4667,natural,7.527105206770945
7350,2365,hidden,3.107822410147992
8922,171,to evaluate,52.17543859649123
4802,660,to the same,7.275757575757575
6203,1499,depending,4.138092061374249
6028,1621,primary,3.718692165330043
264,8,et al in,33.0
6737,2,and semantic,3368.5
23146,2163,we will,10.70087840961627
6871,3868,exam,1.776370217166494
50549,10679,similar,4.733495645659706
16878,1536,state of,10.98828125
54338,127,annotation,427.8582677165354
11269,5884,file,1.91519374575119
6326,356,selecting,17.76966292134831
21827,3,dataset,7275.666666666667
8109,456,combining,17.78289473684211
8378,1130,of such,7.414159292035398
5749,344,indicating,16.71220930232558
10200,1059,furthermore,9.63172804532578
35256,1376,expression,25.62209302325581
8721,515,the problem of,16.93398058252427
4917,2,cosine,2458.5
28233,13310,group,2.121187077385425
11211,2048,if we,5.47412109375
10493,1221,the above,8.593775593775593
12109,3262,discussion,3.712139791538933
5825,936,rep,6.223290598290598
9058,7,we show,1294.0
9060,532,sim,17.03007518796992
4797,539,hybrid,8.899814471243042
4602,790,total of,5.825316455696202
10714,3110,the head,3.445016077170418
38548,16357,single,2.356666870453017
7637,496,the effect of,15.39717741935484
10186,2412,the type,4.223051409618574
20659,5303,likely,3.89571940411088
4967,62,mapped,80.11290322580645
5738,355,and word,16.16338028169014
1680457,916984,in,1.832591408356089
3,1,in section we,3.0
40435,20490,name,1.973401659346022
5270,478,for word,11.02510460251046
6218,372,source and,16.71505376344086
4912,149,we call,32.96644295302013
10344,1028,effect of,10.06225680933852
7396,368,notation,20.09782608695652
6996,238,the approach,29.39495798319328
102266,30057,case,3.402402102671591
14747,138,linguistics,106.8623188405797
13703,1614,lead to,8.490086741016109
6384,1209,shift,5.280397022332506
19179,177,the input,108.3559322033898
8275,754,present the,10.97480106100796
8899,4439,followed,2.00473079522415
9270,339,the accuracy,27.34513274336283
4600,438,of non,10.50228310502283
8207,503,reduction,16.31610337972167
9814,340,mod,28.86470588235294
11542,240,implemented,48.09166666666667
9053,577,occurs,15.68977469670711
8977,311,are shown,28.86495176848874
5092,103,qa,49.43689320388349
8199,160,of the system,51.24375
14550,1580,interaction,9.208860759493671
27305,6040,higher,4.520695364238411
8328,508,namely,16.39370078740157
7990,1310,can also,6.099236641221374
96957,4317,tree,22.4593467685893
5949,893,to capture,6.661814109742441
6499,202,restricted,32.17326732673267
5542,80,smoothing,69.275
6766,239,the maximum,28.30962343096234
9701,351,class of,27.63817663817664
17056,353,adjective,48.31728045325779
5121,3125,explained,1.63872
13599,41,temporal,331.6829268292683
5630,240,represents the,23.45833333333333
12836,5097,recent,2.518344123994507
6995,4047,the third,1.728440820360761
21313,8165,mention,2.610287813839559
8433,3,target word,2811.0
13904,308,sequence of,45.14285714285715
22645,1274,selected,17.77472527472527
13915,3,tagger,4638.333333333333
8941,295,into account,30.30847457627119
8659,952,the meaning,9.095588235294118
5823,379,the definition,15.36411609498681
85351,9,tion,9483.444444444445
4815,673,roughly,7.154531946508173
6770,499,appear in,13.56713426853707
38253,411,graph,93.07299270072993
9360,512,similarly,18.28125
9710,1750,to each,5.548571428571429
35343,577,processing,61.25303292894281
4613,10,ccg,461.3
52448,2493,measure,21.03810669875652
10033,1094,introduce,9.1709323583181
7385,3599,exact,2.051958877465963
151859,56,corpus,2711.767857142857
4842,51,infer,94.94117647058823
12514,2921,via,4.284149263950702
12824,75,finite,170.9866666666667
6331,26,twitter,243.5
8036,12,ble,669.6666666666666
8947,14,summarization,639.0714285714286
6768,425,distinguish,15.92470588235294
46216,15608,sense,2.961045617631984
5761,379,methodology,15.20052770448549
10248,3921,challenge,2.613618974751339
7652,2121,greater,3.607732201791608
6564,334,bi,19.65269461077844
52178,10616,present,4.915033911077619
9165,57,is defined,160.7894736842105
13053,1349,transition,9.67605633802817
52268,2678,instance,19.51755041075429
12299,1220,achieve,10.08114754098361
6420,19,morphology,337.8947368421053
56701,13,parser,4361.615384615385
4917,765,matched,6.427450980392157
4976,1353,external,3.677753141167775
10986,452,be used to,24.30530973451327
7674,1189,adaptation,6.454163162321279
9482,2520,specifically,3.762698412698413
5660,685,ti,8.262773722627736
8386,245,predicted,34.22857142857143
6884,1672,providing,4.117224880382775
8146,3138,tend,2.595920968769917
6431,1956,organization,3.287832310838446
13640,5,our approach,2728.0
9605,402,terminal,23.89303482587065
19785,4973,individual,3.978483812587975
6113,2778,in many,2.200503959683225
8451,2354,the standard,3.590059473237043
38138,6932,in order,5.501731102135026
11439,6861,understanding,1.667249672059467
6172,747,to achieve,8.262382864792503
12585,241,score of,52.21991701244814
6008,151,is shown in,39.78807947019867
10289,2736,can not be,3.760599415204678
6286,881,involves,7.135073779795687
15330,5540,post,2.767148014440433
5310,1001,rely on,5.304695304695304
11259,3099,relatively,3.633107454017425
8601,115,we then,74.79130434782608
53051,8303,topic,6.389377333493917
9174,1719,equal,5.336823734729494
12610,38,compute,331.8421052631579
5131,601,in the text,8.537437603993345
6421,3396,portion,1.89075382803298
21419,890,recognition,24.06629213483146
7661,4,rule based,1915.25
5056,2884,that these,1.753120665742025
4778,42,therefore we,113.7619047619048
47143,1499,accuracy,31.44963308872582
13292,437,model the,30.41647597254005
6473,31,our work,208.8064516129032
11870,1597,joint,7.432686286787727
9727,1214,confidence,8.012355848434925
4875,2941,former,1.657599455967358
7233,449,performance of the,16.10913140311804
10580,250,data and,42.32
11633,4277,effective,2.719897124152443
13131,555,model for,23.65945945945946
20142,8069,total,2.496220101623497
9285,174,ranked,53.36206896551724
21675,173,the set of,125.2890173410405
5238,37,and recall,141.5675675675676
17256,7803,purpose,2.211457131872357
7203,3806,transfer,1.89253809774041
31759,6220,length,5.105948553054662
19002,9184,local,2.069033101045296
8573,1737,consistent,4.93552101324122
10683,2965,the difference,3.603035413153457
9864,378,identifying,26.09523809523809
11487,21,ontology,547.0
7434,7,algorithm for,1062.0
13671,344,yield,39.74127906976744
28290,9057,average,3.123550844650547
31853,5443,of our,5.852103619327576
6504,89,knowledge base,73.07865168539325
7041,987,the sense,7.133738601823708
40300,9870,is to,4.083080040526849
11339,1407,variation,8.058990760483297
5004,1307,to compare,3.828615149196633
4616,2032,we could,2.271653543307087
98659,11338,section,8.70162286117481
12714,1456,related to,8.732142857142858
5525,188,the performance of the,29.38829787234043
10206,2805,improved,3.638502673796792
5583,7,the quot,797.5714285714286
6657,2151,the speaker,3.094839609483961
64380,62,node,1038.387096774194
6804,700,to perform,9.72
3586,889,in more,4.033745781777278
5327,1,anaphora,5327.0
9623,22,the domain,437.4090909090909
121956,31204,information,3.908345083963594
8634,372,training and,23.20967741935484
33639,7878,particular,4.26999238385377
11902,7162,manual,1.661826305501257
8646,3488,benefit,2.478784403669725
6625,54,computation,122.6851851851852
4931,34,this paper is,145.0294117647059
8920,437,of language,20.41189931350115
8824,3491,access,2.527642509309653
6628,189,consisting,35.06878306878307
5037,624,crucial,8.072115384615385
166,46,et al and,3.608695652173913
207458,36603,each,5.667786793432232
10686,3360,correctly,3.180357142857143
7059,692,complement,10.20086705202312
25857,13109,effect,1.97246166755664
5464,1860,the need,2.93763440860215
36167,149,classification,242.7315436241611
37869,432,candidate,87.65972222222223
23487,3229,sub,7.273768968720966
12460,242,state of the art,51.48760330578512
21182,4420,complex,4.792307692307692
12132,1145,the value,10.59563318777293
6744,6,algorithm is,1124.0
11705,753,criterion,15.54448871181939
12960,4307,degree,3.00905502670072
5069,72,,70.40277777777777
59,8,et al for,7.375
27435,601,generated,45.64891846921797
12670,544,abstract,23.29044117647059
5307,2546,reliable,2.084446190102121
136,2,al we,68.0
13345,1720,ac,7.758720930232558
6137,745,tuning,8.23758389261745
4957,376,ir,13.18351063829787
18961,77,sen,246.2467532467533
19142,2276,par,8.4103690685413
12564,1861,the english,6.751209027404621
23514,4,the corpus,5878.5
13341,4675,used the,2.853689839572192
12106,5738,create,2.109794353433252
12464,7399,learned,1.684551966481957
6683,3475,of the same,1.923165467625899
11552,1575,scope,7.334603174603175
26918,12083,due,2.227758007117438
7729,241,wi,32.07053941908714
15010,901,reported,16.65926748057714
15848,1314,example the,12.06088280060883
48030,11141,list,4.311103132573377
16066,3455,german,4.650072358900145
6707,95,finally we,70.6
7152,2456,environment,2.912052117263844
39582,5896,search,6.713364993215739
6072,738,the in,8.227642276422765
5232,305,large number of,17.15409836065574
5094,2431,the amount,2.095433977786919
14588,4989,allow,2.924032872319102
6889,680,is possible,10.13088235294118
7335,337,hmm,21.76557863501484
20535,1059,parallel,19.39093484419264
13705,2232,assume,6.140232974910394
9082,4778,choose,1.900795311845961
16409,70,the verb,234.4142857142857
21119,2,test set,10559.5
4802,183,the sum,26.24043715846994
5442,977,exists,5.570112589559877
4620,6,gener,770.0
32856,324,the training,101.4074074074074
20308,5127,provided,3.960990832845719
6968,2111,information in,3.300805305542397
11756,91,tagged,129.1868131868132
78480,9547,form,8.220383366502567
8649,2368,the paper,3.652449324324324
8463,89,validation,95.08988764044943
9667,2,be tween,4833.5
14230,931,analysis of,15.28464017185822
15364,409,estimate,37.56479217603912
15354,3091,appropriate,4.967324490456163
6323,287,account for,22.03135888501742
9403,478,the case of,19.67154811715481
5632,123,to predict,45.78861788617886
4793,650,higher than,7.373846153846154
8555,67,distribution of,127.6865671641791
4962,1123,successfully,4.418521816562778
6902,4228,manner,1.632450331125828
31849,2079,component,15.31938431938432
5253,219,this study,23.98630136986301
19520,3102,report,6.292714377820761
7873,49,contextual,160.6734693877551
27619,24,predicate,1150.791666666667
10391,20,the evaluation,519.55
5093,161,respect to the,31.63354037267081
21912,1353,result of,16.19512195121951
12970,121,bilingual,107.1900826446281
11502,1146,refer to,10.03664921465969
9160,2158,the left,4.244670991658944
10677,5299,for our,2.014908473296849
10194,1950,range of,5.227692307692307
8244,4324,and an,1.906567992599445
4676,1511,the four,3.094639311714097
8327,1226,length of,6.792006525285482
6372,832,valid,7.658653846153846
7166,391,improves,18.32736572890025
4813,1003,the present,4.798604187437687
38800,2395,ex,16.20041753653445
8025,157,assign,51.11464968152866
8322,882,randomly,9.435374149659864
8437,5542,attempt to,1.522374594009383
7496,747,describe the,10.03480589022758
24610,8180,of an,3.008557457212714
9909,1301,observation,7.616448885472713
5617,389,of english,14.43958868894602
26473,12671,use the,2.089258937731829
73265,12115,figure,6.047461824184895
4978,13,of linguistic,382.9230769230769
13520,509,arabic,26.56188605108055
8477,173,ob,49.0
21896,2071,summary,10.57267020762916
5886,2460,medical,2.392682926829268
13206,3,training set,4402.0
8828,368,cf,23.98913043478261
10713,3567,of which,3.00336417157275
10023,2052,principle,4.884502923976608
9197,20,suffix,459.85
20041,7785,project,2.574309569685292
212169,4050,sentence,52.38740740740741
13125,291,method for,45.10309278350515
9133,42,the annotation,217.452380952381
95,1,et al we,95.0
10204,256,scoring,39.859375
8214,56,corresponds,146.6785714285714
9049,1100,determined,8.226363636363637
5087,68,preliminary,74.80882352941177
5854,20,ber,292.7
7813,710,english and,11.00422535211268
5080,1047,in different,4.851957975167144
22302,2354,entry,9.474086661002548
12284,4457,due to the,2.756113978012116
15672,289,derived,54.22837370242215
14188,1259,independent,11.26926131850675
7249,8,the query,906.125
22492,8991,compared,2.501612723834946
34124,3919,application,8.707323296759377
29383,1232,shown in,23.84983766233766
41956,11657,standard,3.599210774641846
37653,5274,in our,7.139362912400455
12680,2569,the art,4.935772674192293
19203,398,agreement,48.24874371859296
36043,179,parameter,201.3575418994413
6568,41,the output of,160.1951219512195
21496,2456,used for,8.752442996742671
22219,7126,that we,3.11801852371597
4679,15,acl,311.9333333333333
4764,900,in the next,5.293333333333333
10885,704,column,15.46164772727273
12585,7488,situation,1.680689102564103
5750,2133,for these,2.695733708391936
6593,470,compare the,14.02765957446809
6421,1448,the general,4.43439226519337
11222,164,guage,68.42682926829268
8681,358,distinction,24.24860335195531
6643,446,sampling,14.89461883408072
7126,461,linked,15.45770065075922
19359,5612,theory,3.449572344975053
21205,1822,segment,11.63830954994511
6875,16,lattice,429.6875
9086,38,in this section,239.1052631578947
5953,14,in the sentence,425.2142857142857
8634,4,tence,2158.5
5831,17,most frequent,343.0
33538,6584,dialogue,5.093863912515189
7921,1616,logic,4.901608910891089
9577,1,shown in figure,9577.0
2,1,as we,2.0
6337,128,algo,49.5078125
18554,11706,could be,1.584999145737229
6220,1808,included in,3.440265486725664
6203,1826,upper,3.397042716319825
98177,7131,number of,13.767634272893
22474,3369,network,6.670822202433957
9539,1698,latter,5.617785630153121
7002,294,align,23.81632653061224
24035,7238,match,3.320668693009118
18770,1812,approach to,10.35871964679912
53389,9149,event,5.835501147666411
9256,395,such that,23.43291139240506
79023,8975,test,8.804791086350974
6148,1362,presence,4.513950073421439
25412,229,corresponding,110.9694323144105
6829,498,specification,13.71285140562249
73083,13797,class,5.297021091541639
13518,5053,surface,2.675242430239462
16114,3688,named,4.369305856832971
4639,691,explored,6.713458755426918
5560,1476,closely,3.766937669376694
9832,1140,contribution,8.624561403508771
90995,17563,given,5.181062460855207
5437,151,data from,36.00662251655629
5465,181,first we,30.19337016574586
10370,2299,gain,4.510656807307525
5664,216,in this work,26.22222222222222
5337,248,mining,21.52016129032258
10580,39,modifier,271.2820512820513
10339,940,equivalent,10.99893617021277
4780,486,more complex,9.835390946502057
9883,848,si,11.65448113207547
50312,796,representation,63.20603015075377
5144,2309,serve,2.227804244261585
7645,2545,community,3.003929273084479
17982,14,data set,1284.428571428571
18413,39,semantics,472.1282051282051
6194,12,in formation,516.1666666666666
8005,114,sentence the,70.21929824561404
23373,4234,produce,5.520311761927256
5048,852,stored,5.924882629107981
8908,708,the total,12.5819209039548
5312,1160,two different,4.579310344827586
288,72,from to,4.0
10939,2776,ad,3.940561959654179
26872,4188,be used,6.416427889207259
14290,7952,while the,1.797032193158954
13475,12,our model,1122.916666666667
8686,335,we first,25.92835820895522
5233,207,on the basis,25.28019323671498
25116,4811,among,5.22053627104552
5076,1558,of using,3.258023106546855
6774,1151,an important,5.885317115551694
5049,425,the knowledge,11.88
49806,2012,the system,24.7544731610338
9645,206,optimal,46.82038834951457
7654,35,corresponds to,218.6857142857143
7510,482,the re,15.58091286307054
9865,254,model to,38.83858267716536
14390,513,identified,28.05068226120858
38211,4455,we can,8.577104377104376
34002,958,defined,35.49269311064718
7470,1,wsd,7470.0
7752,1431,ma,5.417190775681342
5008,68,with respect to the,73.6470588235294
30703,1056,the model,29.07481060606061
7225,1203,feedback,6.005818786367414
6471,185,observe,34.97837837837838
457152,181427,by,2.519757257740028
9732,794,explicit,12.25692695214106
7448,1445,possibility,5.154325259515571
191502,4185,data,45.75913978494624
7426,2491,to one,2.981132075471698
8102,360,estimated,22.50555555555556
8063,344,the goal,23.43895348837209
4813,428,reduce the,11.24532710280374
9221,1539,row,5.991552956465237
10133,723,consider the,14.01521438450899
24475,534,the target,45.83333333333334
6729,204,and test,32.98529411764706
6056,765,which can be,7.916339869281046
35665,3151,related,11.31862900666455
224426,54345,set,4.129653141963382
12075,437,kernel,27.63157894736842
12675,1703,is based,7.442748091603053
7471,1675,we need,4.460298507462687
15801,1809,form of,8.734660033167495
13954,2077,operation,6.718343765045739
5520,685,refers to,8.058394160583942
10930,1167,marked,9.365895458440445
4946,537,information from,9.210428305400372
4776,1475,developing,3.237966101694915
12356,1177,system is,10.49787595581988
6535,1586,internal,4.120428751576292
30587,942,trained,32.47027600849257
5838,169,calculate,34.54437869822485
12708,3543,within the,3.586790855207451
5640,69,auxiliary,81.73913043478261
9666,27,subset of,358.0
8463,1995,in this case,4.242105263157895
19761,203,respectively,97.34482758620689
5526,525,the form of,10.52571428571428
4681,1410,and therefore,3.319858156028369
50055,59,dependency,848.3898305084746
7463,1140,performing,6.546491228070176
34935,202,token,172.9455445544554
5610,283,given by,19.82332155477032
16320,7029,larger,2.321809645753308
16224,41,the probability,395.7073170731707
16580,3261,this work,5.084329960134928
11188,636,the method,17.59119496855346
9532,1458,seed,6.537722908093278
9100,529,structured,17.20226843100189
6775,330,application of,20.53030303030303
9061,10,probabilistic,906.1
76253,42181,may,1.807757047011688
6249,502,we find,12.44820717131474
5160,820,referred,6.292682926829269
10419,2413,em,4.317861583091587
5276,1930,national,2.733678756476684
6519,51,the candidate,127.8235294117647
14676,918,associated with,15.98692810457516
5101,285,distributed,17.89824561403509
6804,2554,attachment,2.664056382145654
16167,100,pronoun,161.67
75822,441,domain,171.9319727891156
6598,4229,version of the,1.560179711515725
23519,3299,improve,7.12913003940588
9725,3409,extended,2.852742739806395
53343,4508,con,11.8329636202307
9632,3781,in other,2.547474213171119
22964,9706,rate,2.365959200494539
7239,4378,indeed,1.653494746459571
7371,22,based approach,335.0454545454546
8465,76,of the sentence,111.3815789473684
5094,90,the given,56.6
4918,10,of discourse,491.8
5839,79,is the number,73.9113924050633
47105,5593,label,8.422134811371357
10249,1557,we would,6.582530507385998
5226,6,sentence level,871.0
15461,115,derivation,134.4434782608696
6414,22,obtained by,291.5454545454546
5027,67,of the data,75.02985074626865
9740,1715,bound,5.679300291545189
12380,1188,an example,10.42087542087542
35197,14329,previous,2.456347267778631
18717,309,prediction,60.57281553398058
95522,31,semantic,3081.354838709678
4999,462,however we,10.82034632034632
15249,851,symbol,17.91891891891892
4979,14,normalization,355.6428571428572
18437,1865,increase,9.8857908847185
892,44,table we,20.27272727272727
5365,2830,visual,1.895759717314488
8859,2366,develop,3.74429416737109
7398,638,tense,11.59561128526646
6697,2326,work is,2.879191745485813
7979,5230,description of,1.525621414913958
20699,10274,future,2.014697294140549
6806,1,tation,6806.0
2491085,1531326,of,1.626750280475875
22086,2300,significant,9.602608695652174
6304,545,here we,11.56697247706422
6398,64,neural,99.96875
11657,2871,given the,4.060257749912922
8992,1662,active,5.410348977135981
24426,6771,include,3.607443509082853
51883,6494,knowledge,7.989374807514629
6742,155,substitution,43.49677419354839
1382,793,pass,1.742749054224464
14822,11,computed,1347.454545454545
13430,159,sentence in,84.46540880503144
7921,3199,million,2.476086276961551
8990,15,in the training,599.3333333333334
19128,2476,perform,7.725363489499192
7355,7,negation,1050.714285714286
9908,1127,performs,8.79148181011535
5169,175,on the basis of,29.53714285714286
5387,706,depends on,7.630311614730878
8262,1485,in addition to,5.563636363636363
4906,636,translate,7.713836477987422
12106,2464,resolution,4.91314935064935
4855,1852,describing,2.621490280777538
7450,507,model that,14.69428007889546
18450,949,procedure,19.44151738672286
14496,1948,coverage,7.441478439425051
39573,6293,described,6.288415699984109
7355,620,the value of,11.86290322580645
5483,2099,ta,2.612196283944736
5873,117,occur in,50.1965811965812
15382,39,the algorithm,394.4102564102564
7300,67,are shown in,108.955223880597
10750,49,polarity,219.3877551020408
6414,338,relevance,18.97633136094674
6342,6,generative,1057.0
6893,441,provided by,15.63038548752835
11675,12,trained on,972.9166666666666
5287,389,it is possible,13.59125964010283
9946,193,the resulting,51.53367875647668
18419,2156,the test,8.543135435992578
20086,1739,identify,11.55031627372053
9536,4424,ordering,2.155515370705244
258907,50122,our,5.165536091935677
5287,37,statistically,142.8918918918919
92066,471,verb,195.4692144373673
10374,1406,we do,7.378378378378378
6564,3,quot the,2188.0
18184,2358,interpretation,7.711620016963528
8364,747,assignment,11.19678714859438
33027,5154,use of,6.40803259604191
427614,29173,word,14.65786857710897
15604,5596,produced,2.788420300214439
18112,686,dis,26.40233236151603
10688,989,global,10.80687563195147
12486,721,indicates,17.31761442441054
10913,232,fragment,47.03879310344828
22222,3640,considered,6.104945054945055
10150,2878,chain,3.52675469075747
13414,4141,necessary,3.239314175319971
5200,1,mantic,5200.0
18877,7225,provides,2.612733564013841
21522,3566,decision,6.035333707234997
8069,945,the class,8.538624338624338
6637,2292,limit,2.895724258289703
8133,79,evaluate the,102.9493670886076
17775,70,inference,253.9285714285714
14548,45,subset,323.2888888888889
6250,48,implicit,130.2083333333333
7458,73,data the,102.1643835616438
9349,37,the proposed,252.6756756756757
18025,9,the semantic,2002.777777777778
7148,2195,focused,3.256492027334852
5179,1279,at least one,4.049257232212666
6297,569,the root,11.06678383128295
15704,3910,whose,4.016368286445013
6840,511,verbal,13.38551859099804
18168,10375,known,1.751132530120482
5421,2221,solve,2.440792435839712
43280,4858,specific,8.909016055990119
8335,539,is shown,15.46382189239332
144677,14006,text,10.32964443809796
60199,5,syntactic,12039.8
12897,469,association,27.49893390191898
5825,291,discussed in,20.01718213058419
336909,218866,an,1.539339139016567
12061,7469,compared to,1.614807872539831
9711,3343,in the same,2.904875860005983
5801,1,lda,5801.0
10100,1193,spoken,8.466051969823972
7095,32,num,221.71875
5296,1862,are two,2.844253490870032
13883,116,threshold,119.6810344827586
158678,12840,result,12.35809968847352
47806,3872,the result,12.34659090909091
5902,803,refers,7.349937733499377
16713,213,mapping,78.46478873239437
30729,4255,resource,7.221856639247943
4957,4,clas,1239.25
6479,637,the meaning of,10.17111459968603
7036,63,the graph,111.6825396825397
4975,544,reasoning,9.145220588235293
5883,741,partially,7.939271255060729
5625,120,shown that,46.875
5478,81,we would like,67.62962962962963
4936,79,of possible,62.48101265822785
28796,995,the user,28.94070351758794
16504,60,our system,275.0666666666667
9831,722,moreover,13.61634349030471
75584,25390,order,2.976920047262702
7352,1124,be seen,6.540925266903915
57246,5911,for example,9.684655726611403
5225,383,the dictionary,13.64229765013055
9075,182,structural,49.86263736263736
9418,648,formed,14.53395061728395
18530,2059,the current,8.99951432734337
8549,2868,the full,2.980822873082287
50383,243,this paper,207.3374485596708
25326,4381,pre,5.780871947044054
5265,2505,suggested,2.101796407185629
26096,4687,frame,5.567740558992959
4746,1172,access to,4.049488054607509
22294,522,the task,42.7088122605364
131198,25781,between,5.088941468523331
7595,94,sentence is,80.79787234042553
19011,528,extract,36.00568181818182
75022,6986,user,10.73890638419697
60729,2623,for each,23.15249714067861
10703,2050,of two,5.220975609756097
42098,1468,we use,28.67711171662125
11753,1805,in particular,6.511357340720221
12809,489,applied to,26.19427402862986
19712,3516,in addition,5.60637087599545
23987,3914,generation,6.128513030148186
8401,37,latent,227.0540540540541
5400,190,determining,28.42105263157895
37661,8778,study,4.290385053542948
7987,329,classified,24.27659574468085
66329,9,lexical,7369.888888888889
19245,6,segmentation,3207.5
9014,1156,supported,7.79757785467128
102094,3660,translation,27.89453551912568
56253,288,probability,195.3229166666667
8699,871,in the case,9.987370838117107
11724,955,for example the,12.27643979057592
6525,1800,information is,3.625
24146,11,natural language,2195.090909090909
9117,5316,the size,1.715011286681716
6773,94,empirical,72.05319148936171
13785,220,inter,62.65909090909091
13980,4692,created,2.979539641943734
10524,5455,the information,1.929239230064161
4670,405,ample,11.53086419753086
10143,1866,layer,5.435691318327974
6121,863,been used,7.092699884125145
4217,2057,and by,2.050072921730676
54030,1885,input,28.6631299734748
7142,3748,for their,1.905549626467449
15897,2851,apply,5.57593826727464
13473,1,disambiguation,13473.0
21707,2590,the performance,8.381081081081081
7505,332,in the case of,22.60542168674699
14700,1009,determine,14.56888007928642
4720,375,the presence,12.58666666666667
7241,4600,towards,1.574130434782609
12180,1056,whereas,11.53409090909091
10717,799,experimental,13.41301627033792
4985,249,mutual,20.02008032128514
7641,514,between two,14.86575875486381
96218,40785,both,2.359151648890523
9767,815,the development,11.9840490797546
9807,22,ter,445.7727272727273
11204,2001,that of,5.5992003998001
7432,181,achieves,41.06077348066298
22963,13698,useful,1.676376113301212
8879,1963,express,4.52317880794702
7889,13,grained,606.8461538461538
10528,498,ne,21.14056224899598
7144,1383,importance,5.165582067968185
14651,7,fea,2093.0
24716,7780,base,3.176863753213368
33844,124,lexicon,272.9354838709677
7045,72,transliteration,97.84722222222223
42083,1637,the following,25.70739156994502
10839,6871,then the,1.577499636151943
56015,7988,possible,7.012393590385578
5031,349,analyze,14.41547277936963
70528,142,noun,496.6760563380282
5166,2912,creating,1.774038461538461
8140,994,text and,8.189134808853119
5170,2495,over all,2.072144288577154
45613,2310,argument,19.74588744588745
6381,1399,process of,4.561115082201573
7921,481,system to,16.46777546777547
6543,42,task is,155.7857142857143
99060,1209,relation,81.93548387096774
9129,3516,in general,2.59641638225256
117846,66196,from the,1.780258625898846
26181,116,clause,225.698275862069
8748,1110,to produce,7.881081081081081
6095,1931,in two,3.15639564992232
17933,1103,value of,16.25838621940163
6496,126,occurring,51.55555555555556
5645,2,asr,2822.5
10480,682,that our,15.36656891495601
16285,3192,news,5.101817042606516
91116,260,algorithm,350.4461538461538
10077,875,translated,11.51657142857143
9173,689,whether the,13.31349782293178
7101,644,the search,11.02639751552795
12586,930,which we,13.53333333333333
5990,123,represented by,48.69918699186992
7136,5,monolingual,1427.2
7838,2591,contained,3.025086839058279
19254,3516,construction,5.476109215017065
17608,1720,se,10.23720930232558
6214,1662,suitable,3.738868832731649
29177,7637,consider,3.820479245777137
109207,46331,different,2.357104314605771
18735,3864,below,4.84860248447205
24696,2003,definition,12.32950574138792
24594,7014,development,3.506415739948674
11087,826,phase,13.42251815980629
13008,440,respect to,29.56363636363636
23215,1794,the feature,12.94035674470457
13979,3,we present,4659.666666666667
151255,44281,such,3.415799101194643
8232,5007,share,1.644098262432594
146154,170,quot,859.7294117647059
34717,440,distribution,78.90227272727273
24714,7279,positive,3.395246599807666
57567,340,entity,169.3147058823529
63930,1518,experiment,42.11462450592885
5965,96,coherence,62.13541666666666
5389,360,large number,14.96944444444444
21438,6962,aspect,3.079287561045676
31588,1193,frequency,26.4777870913663
71388,16780,performance,4.254350417163289
6395,1307,the length,4.892884468247896
58301,3343,target,17.43972479808555
8288,731,underlying,11.33789329685363
12455,1324,select,9.407099697885196
21770,3852,count,5.651609553478712
7446,1809,dynamic,4.11608623548922
40149,15633,machine,2.568221070811744
28828,88,np,327.5909090909091
4981,1123,focused on,4.435440783615316
9819,1050,reduce,9.351428571428572
32373,18915,head,1.711498810467883
6330,160,similarity between,39.5625
4783,3002,and or,1.593271152564957
10926,8,ity,1365.75
5425,1135,development of,4.779735682819383
12442,1614,highest,7.708798017348204
43488,1949,output,22.31298101590559
13441,5349,the previous,2.512806131987287
4987,671,adopted,7.432190760059613
82922,2345,context,35.36119402985074
5867,47,optimization,124.8297872340426
17392,36,tagging,483.1111111111111
4709,1068,separately,4.409176029962547
4633,615,is similar,7.533333333333333
6839,906,depends,7.548565121412803
5877,69,the alignment,85.17391304347827
7716,62,this task,124.4516129032258
12213,2009,advantage,6.079143852663017
12471,488,cue,25.55532786885246
9778,536,correction,18.24253731343284
7977,575,previous work,13.87304347826087
92280,4703,score,19.62151817988518
5898,120,the relative,49.15
20802,24,constituent,866.75
32900,14146,available,2.32574579386399
7168,1285,of the two,5.578210116731517
8543,577,system that,14.80589254766031
13911,149,we use the,93.36241610738254
6037,194,the frequency,31.11855670103093
15766,992,are used,15.89314516129032
13695,1705,combined,8.03225806451613
13987,180,detection,77.70555555555555
41330,22012,mean,1.877612211520989
8673,1406,the latter,6.168563300142248
8086,2491,behavior,3.246085909273384
6530,2656,chart,2.458584337349397
29865,2814,dictionary,10.61300639658849
11820,698,equation,16.93409742120344
12617,1133,span,11.13592233009709
4880,326,by our,14.96932515337423
7157,1656,incorrect,4.321859903381642
10442,1813,interface,5.759514616657474
18244,2041,the use,8.938755512003919
10732,287,weighted,37.39372822299651
8948,4007,literature,2.233092088844522
9508,1,we describe,9508.0
14491,43,probability of,337.0
8442,221,the similarity,38.19909502262443
16773,300,ranking,55.91
11034,4683,building,2.356181934657271
11136,43,unsupervised,258.9767441860465
6240,168,consisting of,37.14285714285715
5722,2827,allowed,2.024053767244429
8289,2011,to build,4.121829935355544
17565,71,supervised,247.3943661971831
15175,4700,respect,3.228723404255319
6408,1137,sufficient,5.635883905013193
9145,68,model we,134.4852941176471
6428,2699,net,2.381622823267877
11121,325,sentence and,34.21846153846154
4917,174,induction,28.25862068965517
4985,145,arbitrary,34.37931034482759
10512,4531,work on,2.320017656146546
6853,1438,identical,4.765646731571628
16766,637,assigned,26.32025117739403
64974,7302,source,8.898110106820049
5034,88,define the,57.20454545454545
9472,144,calculated,65.77777777777777
23052,1397,automatically,16.50107372942018
12947,1259,discussed,10.2835583796664
4845,529,depend,9.158790170132326
27489,11800,may be,2.329576271186441
9705,1846,difference between,5.257313109425786
25790,7815,focus,3.300063979526552
5582,151,all possible,36.96688741721854
5129,954,approximately,5.376310272536688
6238,1398,communication,4.4620886981402
30432,2484,show that,12.2512077294686
24466,4033,based on the,6.066451772873791
10258,7,corpus of,1465.428571428571
101942,49199,where,2.072033984430578
17713,507,define,34.93688362919132
8675,279,labeling,31.09318996415771
4813,1065,iii,4.51924882629108
16092,3265,similar to,4.928637059724349
6173,264,this method,23.38257575757576
21726,2537,path,8.563657863618447
15055,5016,required,3.001395534290271
13415,1557,vocabulary,8.615928066795119
8369,2,sen tence,4184.5
12683,311,aligned,40.78135048231511
9034,105,hierarchy,86.03809523809524
15221,981,the rule,15.5158002038736
26350,4038,the set,6.525507677067855
9203,4138,technology,2.224021266312228
13597,4179,japanese,3.253649198372817
225685,136964,to the,1.647768756753599
50766,4036,thus,12.5782953419227
8060,949,and thus,8.493150684931507
11434,496,the phrase,23.05241935483871
5438,476,integrated,11.42436974789916
17204,952,database,18.07142857142857
7888,122,generating,64.65573770491804
6873,431,robust,15.94663573085847
6299,731,the remaining,8.616963064295486
6779,45,ent,150.6444444444444
242239,18861,system,12.84338052065108
11182,189,the document,59.16402116402116
10407,5095,variety,2.042590775269872
11552,2635,direct,4.384060721062618
30365,31,utterance,979.516129032258
10459,4005,spanish,2.611485642946317
8693,73,future work,119.0821917808219
29385,119,annotated,246.9327731092437
7122,850,then we,8.378823529411765
9946,54,decoding,184.1851851851852
4621,113,adjacent,40.89380530973451
2805,1017,to in,2.75811209439528
7053,292,in the context,24.1541095890411
7242,1272,size of the,5.693396226415095
7807,182,explicitly,42.89560439560439
5192,71,the precision,73.12676056338029
9182,1609,the effect,5.706650093225606
34068,7699,between the,4.424990258475127
14475,387,syntax,37.4031007751938
19515,6242,account,3.1264017942967
5201,1299,least one,4.003849114703618
15788,297,lan,53.15824915824916
4709,343,in the previous,13.72886297376093
8213,104,output of,78.97115384615384
5693,1567,nature of,3.633056796426292
6085,1703,of both,3.573106283029947
5274,663,an example of,7.95475113122172
32794,10,in table,3279.4
5275,3003,successful,1.756576756576756
5019,434,xml,11.56451612903226
8809,1,computational linguistics,8809.0
12198,4126,on the other,2.956374212312167
7893,4548,the basic,1.735488126649076
310291,123216,which,2.518268731333593
15150,2525,the language,6.0
194371,11869,language,16.37635858117786
6276,226,assigned to,27.76991150442478
8761,618,system for,14.17637540453075
16969,1067,manually,15.90346766635427
4918,1006,we see,4.888667992047714
32435,8579,answer,3.780743676419163
9351,4286,that have,2.181754549696687
7855,166,method is,47.31927710843374
7462,150,estimation,49.74666666666667
8150,176,derived from,46.30681818181818
9497,154,correspond,61.66883116883117
118544,4789,rule,24.75339319273335
11285,1610,in each,7.009316770186335
4878,1952,the order,2.498975409836066
9389,3539,social,2.653009324667985
19657,3863,comparison,5.088532228837691
11273,1336,typically,8.437874251497005
23004,9268,speaker,2.482088908070781
4663,299,the automatic,15.59531772575251
14637,4799,example of,3.050010418837258
4599,1551,to handle,2.965183752417795
20084,639,linear,31.43035993740219
6657,3123,constant,2.131604226705091
8734,1880,that can be,4.645744680851064
9821,1026,possible to,9.572124756335283
6946,8,infor,868.25
13043,16,heuristic,815.1875
10155,3176,currently,3.197418136020151
8175,509,investigate,16.06090373280943
17982,481,boundary,37.38461538461539
90171,375,ing,240.456
22794,173,occurrence,131.757225433526
7212,1311,spelling,5.501144164759725
13043,883,represents,14.77123442808607
4808,3185,that there is,1.509576138147567
4814,22,cally,218.8181818181818
10762,1536,case the,7.006510416666667
14702,6192,must be,2.374354005167959
11594,2475,the correct,4.684444444444445
26215,3595,article,7.292072322670376
25206,8692,edge,2.899907961343764
5040,1077,be considered,4.67966573816156
14866,636,achieved,23.37421383647799
5172,1236,between the two,4.184466019417476
8705,1737,the example,5.011514104778353
33227,7522,whether,4.417309226269609
5154,29,total number,177.7241379310345
10148,1349,objective,7.522609340252038
3059,636,of in,4.809748427672956
12079,1112,complexity,10.86241007194245
9262,876,applying,10.57305936073059
23301,3643,describe,6.396102113642602
5157,674,the length of,7.651335311572701
18025,3595,directly,5.013908205841447
54031,7899,process,6.840232940878592
16902,32,cor,528.1875
9870,1774,university,5.56369785794814
7993,3976,traditional,2.010311871227364
5052,1277,involving,3.956147220046985
8052,1857,among the,4.336025848142165
10154,692,expressed,14.67341040462428
21828,2050,word and,10.64780487804878
14357,2833,root,5.067772679138722
16407,1694,for instance,9.685360094451003
12811,203,with respect to,63.10837438423646
12350,1186,frequent,10.41315345699831
10359,1296,likely to,7.993055555555555
4814,45,incremental,106.9777777777778
24404,1281,automatic,19.05074160811866
7697,425,paper is,18.11058823529412
11160,18,section we,620.0
4846,478,incorporate,10.13807531380753
6388,1634,edit,3.909424724602203
9125,375,work we,24.33333333333333
19149,598,the context,32.02173913043478
7730,1531,the state,5.048987589810581
17167,951,represented,18.05152471083071
24263,531,framework,45.69303201506591
6282,79,precision and,79.51898734177215
29838,1848,recall,16.1461038961039
57137,326,evaluation,175.2668711656442
18268,10495,choice,1.740638399237732
10677,298,accuracy of,35.82885906040269
8746,516,to obtain,16.94961240310078
76889,18639,level,4.125167659209185
36046,7732,above,4.661924469736161
21905,1580,we used,13.86392405063291
84537,8234,pair,10.26682050036434
33342,6422,technique,5.191840548115851
5928,244,can be seen,24.29508196721311
6858,18,syn,381.0
16434,9445,plan,1.73996823716252
351,123,between and,2.853658536585366
177600,16049,based,11.0661100380086
290878,15004,model,19.38669688083178
5572,6,ical,928.6666666666666
16644,947,matrix,17.57550158394931
7588,3020,tend to,2.512582781456953
13751,1872,agent,7.345619658119658
10238,1079,according to the,9.488415199258572
15220,21,the baseline,724.7619047619048
40210,135,linguistic,297.8518518518518
4619,600,illustrate,7.698333333333333
12162,165,paraphrase,73.7090909090909
9711,250,model in,38.844
22195,5,annotator,4439.0
14229,5011,french,2.83955298343644
6762,280,is then,24.15
9057,3413,this case,2.653677116905948
7664,2164,the web,3.541589648798521
10247,4147,to an,2.470942850253195
4985,5,phrasal,997.0
12229,7983,with an,1.531880245521734
9980,111,lin,89.90990990990991
12584,11,sion,1144.0
4939,1093,additionally,4.51875571820677
29274,3124,chinese,9.370678617157491
5080,9,we compare,564.4444444444445
10930,2711,other hand,4.031722611582442
21609,153,of speech,141.2352941176471
41263,6970,using the,5.920086083213773
6658,4,parsed,1664.5
11596,556,partial,20.85611510791367
7536,3,rela,2512.0
6679,917,stack,7.283533260632497
7471,171,we used the,43.69005847953216
6026,294,ar,20.49659863945578
4863,710,we need to,6.849295774647888
4548,48,in natural,94.75
5170,243,goal is,21.27572016460906
7412,9,mation,823.5555555555555
8569,511,transformation,16.76908023483366
4788,720,we want,6.65
15372,7960,in an,1.931155778894472
5759,1829,minimal,3.148715144887917
11175,2755,expert,4.056261343012705
35750,13792,that are,2.592082366589327
14194,413,state of the,34.3680387409201
156904,39337,using,3.988712916592521
23905,8306,addition,2.878039971105225
11609,2,our method,5804.5
21696,435,ap,49.87586206896552
8487,174,prob,48.77586206896552
11531,3053,the three,3.776940714051753
15763,5190,solution,3.037186897880539
6614,772,produced by,8.567357512953368
8446,2,test data,4223.0
7728,1411,scenario,5.476966690290574
7780,284,method to,27.3943661971831
11988,1731,combine,6.925476603119584
29097,14050,if the,2.070960854092527
26868,16454,description,1.632916008265467
6033,2710,programming,2.22619926199262
6448,29,we assume,222.3448275862069
4624,202,induced,22.89108910891089
8987,713,stem,12.60448807854137
8282,737,is given,11.23744911804613
68919,1799,grammar,38.30961645358533
5030,2356,set is,2.134974533106961
11952,274,task of,43.62043795620438
361,23,es,15.69565217391304
13968,5884,and their,2.373895309313392
6374,652,divided,9.776073619631902
14102,824,log,17.11407766990291
40582,490,gram,82.82040816326531
12576,1874,sum,6.710779082177162
7202,1054,we found,6.833017077798861
7332,3511,the work,2.088293933352321
12957,4056,only the,3.194526627218935
6984,3514,see that,1.987478656801366
119515,17897,number,6.677934849416103
11676,106,of sentence,110.1509433962264
6515,2413,the dialogue,2.699958557811852
4764,1108,necessary to,4.299638989169675
5786,41,is the number of,141.1219512195122
29270,69,extraction,424.2028985507246
5768,407,were used,14.17199017199017
56730,6510,function,8.714285714285714
8179,1399,suggests,5.846318799142244
10579,60,likelihood,176.3166666666667
11850,2659,describes,4.456562617525385
17649,963,result in,18.32710280373832
46113,15824,large,2.914117795753286
9976,3597,that in,2.773422296358076
6994,3192,to other,2.191102756892231
7696,1,in the corpus,7696.0
19219,1624,relative,11.83435960591133
20436,5184,selection,3.94212962962963
5673,509,increasing,11.14538310412574
166,11,al for,15.09090909090909
5724,782,composed,7.319693094629156
20878,570,attribute,36.62807017543859
5568,166,generates,33.54216867469879
8154,1211,remaining,6.733278282411231
7900,89,in the following,88.76404494382022
10479,984,chunk,10.64939024390244
12366,2453,evidence,5.041174072564207
13389,604,template,22.16721854304636
8367,2468,the different,3.390194489465154
8229,2423,these two,3.396203054065209
6023,707,to which,8.519094766619519
7408,8,crf,926.0
29481,3,in this paper,9827.0
6426,1,described in section,6426.0
8328,2210,the size of,3.768325791855204
14792,5827,im,2.538527544190836
4693,2825,closed,1.661238938053097
19298,1045,the source,18.46698564593301
11535,2452,found in,4.704323001631321
5996,796,answering,7.532663316582915
5863,228,filtering,25.71491228070175
15675,10240,part of the,1.53076171875
27759,5249,presented,5.288435892550962
15678,2629,random,5.96348421453024
5291,58,and target,91.22413793103448
6112,1484,the non,4.118598382749326
33691,5541,further,6.080310413282801
5411,261,au,20.73180076628352
10471,1,tion of,10471.0
15718,265,observed,59.31320754716981
15904,3453,level of,4.605849985519838
41989,389,alignment,107.9408740359897
7902,577,definition of,13.69497400346621
11036,2,the lexical,5518.0
36878,11075,type of,3.329841986455982
5891,2080,noisy,2.832211538461539
41591,2988,sequence,13.91934404283802
12194,4,smt,3048.5
6144,1607,composition,3.823273179838208
9421,2053,dialog,4.588894301022894
5557,83,pruning,66.95180722891567
39512,2300,object,17.17913043478261
7603,1,phrase based,7603.0
12668,715,to identify,17.71748251748252
47523,1392,the number of,34.14008620689656
18226,838,occur,21.74940334128878
21207,9009,the case,2.353979353979354
11211,19,ing the,590.0526315789474
12827,1672,hence,7.67165071770335
15814,4367,appear,3.621250286237692
9942,4039,zero,2.461500371379054
4789,170,cognitive,28.17058823529412
14767,551,the performance of,26.80036297640653
12549,7250,mentioned,1.730896551724138
215967,20879,feature,10.34374251640404
13956,1729,contrast,8.071717755928283
7892,155,to extract,50.91612903225806
10856,800,the tree,13.57
16114,1199,existing,13.4395329441201
36634,79,in section,463.7215189873418
84006,11542,english,7.278287991682551
36525,4581,string,7.973149967256058
4897,4,information retrieval,1224.25
11871,792,by using,14.98863636363636
8471,8,target language,1058.875
7575,26,denote,291.3461538461539
2745,1104,is set,2.486413043478261
5631,20,speech recognition,281.55
11780,22,ture,535.4545454545455
11196,2226,slot,5.029649595687331
23121,4197,train,5.508934953538241
12912,269,wikipedia,48.0
8989,1063,comparable,8.456255879586077
4487,175,of natural,25.64
4818,410,at each,11.75121951219512
6793,353,penn,19.24362606232295
46089,143,vector,322.3006993006993
6011,1088,extent,5.524816176470588
6172,183,of training,33.72677595628415
23297,9628,including,2.419713336103033
6568,101,regression,65.02970297029702
13900,41,retrieval,339.0243902439024
7973,2326,native,3.427773000859845
4849,420,commonly,11.5452380952381
35076,7840,role,4.473979591836735
5191,30,lingual,173.0333333333333
54416,1517,speech,35.87079762689519
5727,2473,this model,2.315810756166599
4887,1557,definite,3.138728323699422
5935,1990,the human,2.982412060301507
8632,4522,addition to,1.908889871738169
12841,328,differ,39.14939024390244
18853,10658,amount,1.768905986113717
5518,1287,oriented,4.287490287490288
88017,57871,the same,1.520917212420729
7240,2958,frequently,2.447599729546991
38520,178,query,216.4044943820225
10617,114,textual,93.13157894736842
6494,493,punctuation,13.17241379310345
6078,262,represent the,23.19847328244275
8280,12,the noun,690.0
65356,3115,analysis,20.98105939004816
5242,1926,this way,2.721703011422638
30432,13239,note,2.298663041015182
20176,2995,contain,6.736560934891486
13247,4975,potential,2.662713567839196
14328,3907,capture,3.667263885334016
5843,2687,proof,2.174544101228136
21518,3321,of each,6.479373682625715
6244,2675,influence,2.334205607476636
34400,8041,com,4.278074866310161
5132,204,structure of the,25.15686274509804
31285,4474,in which,6.992624050067054
4947,3026,shallow,1.634831460674157
4497,2044,the level,2.200097847358121
4755,357,unseen,13.31932773109244
6335,3015,connected,2.101160862354892
5710,4,mance,1427.5
57157,12872,non,4.440413300186451
26836,79,extracted,339.6962025316456
50437,3081,the number,16.37033430704317
46929,19431,part of,2.415161340126602
10754,1576,which can,6.823604060913706
10015,5315,fully,1.884289746001881
6700,136,for training,49.26470588235294
15916,5557,that can,2.864135324815548
12118,1952,the average,6.207991803278689
5238,1557,useful for,3.364161849710983
12221,111,gold standard,110.0990990990991
33447,18045,simple,1.853532834580216
18886,3670,allows,5.146049046321526
8725,21,the lexicon,415.4761904761905
55147,5376,following,10.25799851190476
7976,1343,comparing,5.938942665673864
19467,8482,across,2.295095496345202
41664,8657,research,4.812752685687883
7963,1506,in english,5.287516600265604
11585,9,lemma,1287.222222222222
5123,662,potentially,7.738670694864048
11624,1311,is based on,8.86651411136537
7112,2921,conversation,2.434782608695652
21493,4963,the text,4.330646786218013
5164,46,we would like to,112.2608695652174
5400,1312,together with,4.115853658536586
8290,77,feature set,107.6623376623377
23964,604,variable,39.67549668874172
15201,3610,prior,4.210803324099723
8933,1037,meaning of,8.61427193828351
138480,20109,example,6.886468745337909
6226,1810,by an,3.439779005524862
18379,23,part of speech,799.0869565217391
10037,1797,constructed,5.585420144685587
8382,1638,of different,5.117216117216117
22049,59,computational,373.7118644067797
44920,10176,human,4.414308176100629
4736,906,to test,5.227373068432671
5865,9,task we,651.6666666666666
178515,84970,two,2.100917971048605
5252,57,to model,92.14035087719299
4945,110,encoded,44.95454545454545
9813,25,extracted from,392.52
8963,17,formalism,527.2352941176471
17945,5284,developed,3.396101438304315
17932,3048,list of,5.883202099737533
19100,2762,performed,6.915278783490225
6315,420,basis of,15.03571428571429
6286,2333,be found,2.694384912130305
9118,2810,impact,3.244839857651245
6038,337,the basis of,17.91691394658754
15613,4245,response,3.677974087161366
4724,575,improving,8.215652173913044
32293,618,precision,52.25404530744336
4900,2708,different from,1.809453471196455
6415,420,detect,15.27380952380952
30826,13192,subject,2.336719223771983
4771,73,keywords,65.35616438356165
4714,831,with different,5.672683513838749
10500,274,approach is,38.32116788321168
10539,1674,in both,6.295698924731183
630770,408778,of the,1.543062493578422
5179,2903,raw,1.784016534619359
6138,2473,the table,2.482005661140315
6743,2234,in these,3.018352730528201
5396,348,for each of,15.50574712643678
5014,78,the gold standard,64.28205128205128
4975,53,defined in,93.86792452830188
13633,285,the output,47.83508771929824
6929,490,workshop,14.14081632653061
11090,842,preference,13.17102137767221
7068,2,the dependency,3534.0
31720,11959,important,2.652395685257965
6689,191,measure the,35.02094240837696
7294,13,unlabeled,561.0769230769231
16454,9922,lead,1.658335013102197
28856,5971,current,4.832691341483838
6904,200,measure of,34.52
17889,888,scheme,20.14527027027027
15338,37,sys,414.5405405405405
8833,793,the score,11.13871374527112
8832,3073,variety of,2.874064432150992
12072,5,tive,2414.4
5251,34,anno,154.4411764705882
10806,2496,the question,4.329326923076923
5335,435,generator,12.26436781609195
5241,1038,studied,5.049132947976879
33053,14420,within,2.292163661581137
5634,274,in the context of,20.56204379562044
62055,11116,state,5.582493702770781
12398,597,model of,20.76716917922948
793207,139434,we,5.688763142418635
5873,13,to compute,451.7692307692308
10145,1200,the highest,8.454166666666667
21846,2767,en,7.895193350198771
15255,1573,rank,9.69802924348379
28286,14239,the second,1.986515907015942
9145,794,for which,11.5176322418136
7735,865,used by,8.942196531791907
9901,1978,tested,5.005561172901921
24637,6692,web,3.681560071727436
35830,951,of word,37.67613038906414
5368,3344,reasonable,1.605263157894737
6170,677,widely,9.113737075332349
13856,4066,alternative,3.407771765863256
94488,53263,in this,1.773989448585322
6846,1994,the event,3.433299899699097
8100,4897,to their,1.654073922809884
7167,7,we define,1023.857142857143
9772,19,antecedent,514.3157894736842
94616,8503,table,11.12736681171351
5069,375,performance on,13.51733333333333
5111,101,how ever,50.6039603960396
8217,414,we do not,19.84782608695652
12532,463,of the art,27.06695464362851
10455,574,context of,18.21428571428572
6055,12,of this paper,504.5833333333333
12500,957,model and,13.06165099268548
102381,2642,phrase,38.75132475397426
12867,167,this section,77.04790419161677
12886,2589,require,4.977211278485902
14572,6681,added,2.181110612183805
27463,6543,common,4.197310102399511
10043,334,cal,30.0688622754491
8349,2200,the topic,3.795
26318,278,metric,94.66906474820144
7294,441,conjunction,16.53968253968254
10953,4305,generally,2.544250871080139
35016,4997,meaning,7.007404442665599
6222,1055,minimum,5.897630331753555
9652,525,gen,18.38476190476191
6358,3,context free,2119.333333333333
35558,5219,per,6.81318260203104
13837,1165,can be used,11.87725321888412
7628,1555,explore,4.905466237942123
10745,964,of the word,11.14626556016598
5295,2014,in such,2.62909632571996
5750,689,motivated,8.34542815674891
8267,442,given in,18.70361990950226
16353,3902,pair of,4.190927729369554
5459,437,theoretical,12.49199084668192
8914,1320,also be,6.753030303030303
16766,6176,build,2.71470207253886
7224,11,ner,656.7272727272727
6242,3,quot and,2080.666666666667
12578,3258,focus on,3.860650705954573
8958,3251,of information,2.755459858505076
17886,413,generate,43.30750605326877
4751,24,weighting,197.9583333333333
11014,412,of text,26.73300970873786
6899,1168,trigger,5.906678082191781
45911,4239,pattern,10.83062042934654
11582,1288,logical,8.99223602484472
7027,305,notion of,23.03934426229508
5532,1,the predicate,5532.0
7088,1,struc,7088.0
6818,3757,mainly,1.814745807825393
8275,418,specified,19.79665071770335
7286,101,data in,72.13861386138613
7884,156,data is,50.53846153846154
206924,1154,et,179.3102253032929
5577,13,multilingual,429.0
1585,293,section the,5.409556313993174
7201,4445,would like to,1.620022497187852
12664,8340,it can,1.518465227817746
24009,298,statistical,80.56711409395973
9925,699,example in,14.19885550786838
6036,613,the reference,9.846655791190864
16515,4529,stage,3.64650033119894
6427,1511,more than one,4.253474520185308
15384,79,propose,194.7341772151899
13490,840,assumption,16.05952380952381
6169,1242,bias,4.966988727858293
6633,1260,grant,5.264285714285714
14613,70,evaluated,208.7571428571429
6205,65,extracting,95.46153846153847
9469,31,dif,305.4516129032258
23215,4681,multiple,4.959410382396924
6356,3067,removed,2.07238343658298
12740,1278,testing,9.96870109546166
14336,735,the translation,19.50476190476191
4835,1,discriminative,4835.0
5182,1,domain specific,5182.0
38770,10716,concept,3.617954460619634
6000,3398,to that,1.765744555620953
5435,2,in fig,2717.5
6804,684,order of,9.947368421052632
50062,5038,shown,9.93687971417229
7432,1020,advantage of,7.286274509803921
10838,145,f1,74.7448275862069
10599,205,trans,51.70243902439024
15471,591,model is,26.17766497461929
19296,861,represent,22.41114982578397
8186,724,architecture,11.30662983425414
9046,1687,extension,5.362181387077652
30165,29,parse,1040.172413793103
243,61,al the,3.983606557377049
4670,134,are then,34.85074626865671
13169,328,identification,40.14939024390244
16831,934,maximum,18.0203426124197
5231,480,processed,10.89791666666667
36194,5573,in order to,6.49452718464023
7131,120,acquisition,59.425
7428,2075,exist,3.579759036144578
10354,645,to determine,16.05271317829457
8082,46,we consider,175.695652173913
6171,523,present in,11.79923518164436
10009,3463,are also,2.890268553277505
6511,96,generated by,67.82291666666667
12971,139,correlation,93.31654676258992
5722,59,xi,96.98305084745763
4984,116,wsj,42.96551724137931
39519,73,baseline,541.3561643835617
5041,1120,indicated,4.500892857142857
5125,470,sparse,10.90425531914894
8816,3102,set the,2.842037395228885
26073,4983,position,5.232390126429862
5146,63,pipeline,81.68253968253968
4822,2018,the amount of,2.389494549058474
5182,5,fine grained,1036.4
18457,2144,multi,8.608675373134329
17740,1820,the use of,9.747252747252746
5520,318,suggests that,17.35849056603774
21959,1265,is used,17.35889328063241
11153,2177,split,5.123105190629307
6514,186,the analysis,35.02150537634409
5479,1905,with each,2.876115485564304
19517,1937,initial,10.07589055240062
26958,7172,pro,3.758784160624651
9684,2950,fixed,3.28271186440678
135663,19182,can be,7.072411635908664
7930,2234,engine,3.549686660698299
7086,194,computing,36.52577319587629
10834,2529,on the other hand,4.283906682483195
7580,2371,false,3.196963306621678
14637,3401,scale,4.303734195824758
7544,495,degree of,15.24040404040404
9687,170,to generate,56.98235294117647
10400,108,the corresponding,96.29629629629629
16322,1588,case of,10.27833753148615
30380,100,cluster,303.8
14482,808,containing,17.92326732673267
75206,11494,based on,6.543065947450844
186853,69251,used,2.69819930398117
6725,3819,the concept,1.760932181199267
6927,11,error rate,629.7272727272727
8476,286,is used to,29.63636363636364
4948,3131,plan to,1.580325774512935
6955,28,the discourse,248.3928571428571
9653,627,arc,15.39553429027113
6742,251,model with,26.8605577689243
4890,793,increased,6.166456494325347
38419,9412,general,4.081916702082448
8180,644,assume that,12.70186335403727
8963,222,representing,40.37387387387388
4996,301,the con,16.59800664451827
10352,1,the syntactic,10352.0
37080,9925,the two,3.736020151133501
8839,1,tional,8839.0
7001,82,correspond to,85.3780487804878
12913,312,dependent,41.38782051282051
91907,6105,set of,15.05438165438165
21021,1082,labeled,19.4279112754159
30185,1,tions,30185.0
24481,641,the data,38.19188767550702
2868,35,in sentence,81.94285714285714
203287,600,et al,338.8116666666667
9456,918,efficient,10.30065359477124
8119,3897,work in,2.08339748524506
6428,2934,one or,2.190865712338105
25693,3282,co,7.828458257160269
7273,1736,functional,4.189516129032258
8779,25,the probability of,351.16
6904,322,employed,21.44099378881987
15052,1442,refer,10.43828016643551
4980,589,beam,8.455008488964346
6531,128,carried out,51.0234375
52072,9084,de,5.732276530162924
15408,6313,act,2.440677966101695
5184,400,examine,12.96
100,19,et al the,5.263157894736842
7374,2434,than one,3.029580936729663
85925,7498,term,11.45972259269139
5293,161,data to,32.87577639751553
6092,1517,id,4.015820698747528
6708,1,natural language processing,6708.0
7442,1,data we,7442.0
5155,773,naive,6.66882276843467
1125,187,table the,6.016042780748663
5187,1122,is important,4.622994652406417
7256,1708,driven,4.248243559718969
8905,834,in which the,10.67745803357314
19708,3,language model,6569.333333333333
10504,6237,designed,1.684143017476351
7347,482,modified,15.24273858921162
366,24,al in,15.25
27143,6828,provide,3.975248974809607
10958,146,variant,75.05479452054794
6768,32,outperforms,211.5
5506,1391,allowing,3.958303378864127
198,9,for given,22.0
5052,3361,with other,1.503124070217197
32393,21,in figure,1542.52380952381
7140,296,of data,24.12162162162162
11018,339,construct,32.50147492625369
10099,515,formal,19.60970873786408
7756,1,of semantic,7756.0
15762,774,obtain,20.36434108527132
4853,3220,one can,1.507142857142857
20226,900,described in,22.47333333333333
7233,1162,reduced,6.224612736660929
15063,1051,significantly,14.33206470028544
23113,2686,strategy,8.604988830975428
128623,2487,task,51.71813429835143
28216,7887,contains,3.577532648662356
13534,80,binary,169.175
28846,11391,content,2.532350100956896
8050,314,employ,25.63694267515924
13116,5298,limited,2.475651189127973
11635,924,problem of,12.59199134199134
113824,61496,that the,1.850917132821647
5457,1790,for every,3.048603351955307
8509,1427,system and,5.962859145059565
8800,698,pa,12.60744985673352
11622,867,indicate,13.40484429065744
22248,1789,relevant,12.43599776411403
13017,3667,the final,3.549768202890646
9758,58,reordering,168.2413793103448
6310,117,we believe,53.93162393162393
13133,7078,and to,1.855467646227748
25930,3834,show the,6.763171622326552
8091,809,distinct,10.00123609394314
109249,4669,training,23.39880059970015
8917,1988,or more,4.485412474849094
16820,9115,relationship,1.845309928688974
5790,608,are given,9.523026315789474
8901,897,used in the,9.923076923076923
18316,308,mt,59.46753246753246
4746,719,describes the,6.600834492350486
33226,2892,used in,11.48893499308437
18417,347,evaluate,53.07492795389049
14166,5497,includes,2.577042022921594
9448,1660,unknown,5.691566265060241
8117,578,system the,14.04325259515571
10878,2614,the other hand,4.161438408569243
5081,196,efficiency,25.9234693877551
9571,1456,presented in,6.573489010989011
493,83,al and,5.939759036144578
4790,78,in text,61.41025641025641
5407,1652,necessarily,3.273002421307506
74507,12079,paper,6.168308634820764
5223,998,use of the,5.233466933867735
4978,370,effectiveness,13.45405405405405
6667,943,followed by,7.06998939554613
5967,345,the object,17.29565217391304
6790,17,denotes,399.4117647058824
24793,2768,according,8.957008670520231
7460,645,the gold,11.56589147286822
18691,2426,factor,7.704451772464963
16973,5009,field,3.388500698742264
90989,52116,show,1.745893775424054
31560,19059,main,1.655910593420431
19497,2568,each of,7.592289719626168
16225,10597,is also,1.531093705765783
8147,1543,semi,5.2799740764744
6397,9,word order,710.7777777777778
5871,791,collins,7.422250316055626
17420,8646,for all,2.014804533888503
6188,559,demonstrate,11.06976744186047
4661,2484,from an,1.876409017713365
12672,1631,combination of,7.769466584917229
5041,196,preceding,25.71938775510204
23948,3471,improvement,6.899452607317776
9794,4041,showed,2.423657510517199
8001,72,data for,111.125
12294,2377,introduced,5.172065628944047
74930,2015,document,37.18610421836228
440,197,figure the,2.233502538071066
8227,236,overlap,34.86016949152543
16748,1139,shared,14.70412642669008
8311,376,system in,22.10372340425532
7034,675,referring,10.42074074074074
5416,1180,reflect,4.589830508474576
40737,171,constraint,238.2280701754386
5710,1099,added to,5.195632393084622
5427,426,are used to,12.73943661971831
6281,880,expansion,7.1375
6116,175,for english,34.94857142857143
15096,6664,since the,2.26530612244898
5971,88,task the,67.85227272727273
33019,982,word in,33.62423625254583
7490,3858,loss,1.941420425090721
5830,1345,depending on,4.33457249070632
50394,6478,the word,7.779252855819697
5306,50,each sentence,106.12
10963,78,the relation,140.551282051282
10040,100,each word,100.4
7482,375,to train,19.952
4818,810,and non,5.948148148148148
8427,950,ratio,8.870526315789474
7283,76,nominal,95.82894736842105
12546,398,implementation,31.52261306532663
11193,26,entropy,430.5
7911,435,the context of,18.18620689655172
5901,1833,treated,3.219312602291326
11996,592,representation of,20.26351351351351
5257,2759,organized,1.905400507430228
5186,145,lex,35.76551724137931
28757,393,obtained,73.17302798982189
11514,3866,ii,2.978272115882048
49383,24,parsing,2057.625
33294,11149,space,2.986276796125213
10359,3,we propose,3453.0
15966,818,resulting,19.51833740831296
4658,349,ibm,13.34670487106017
6642,259,goal of,25.64478764478764
22062,6563,final,3.361572451622734
4812,3149,that all,1.52810416005081
5224,217,indicates that,24.07373271889401
8561,6,ple,1426.833333333333
10893,2807,adding,3.880655504096901
22028,3775,additional,5.83523178807947
7386,341,percentage,21.65982404692082
13375,3301,requires,4.051802484095728
4612,203,automated,22.7192118226601
26933,3447,combination,7.813460980562808
20818,3996,sample,5.20970970970971
4636,1,the parsing,4636.0
25706,10685,due to,2.405802526906879
8834,749,the term,11.79439252336449
40118,214,discourse,187.4672897196262
5371,290,be applied,18.52068965517241
12241,322,modeling,38.01552795031056
11266,6011,code,1.874230577274996
99785,37127,by the,2.687666657688475
10923,408,sec,26.77205882352941
424016,241207,in the,1.75789259847351
5850,1,perfor,5850.0
4676,669,referred to,6.989536621823618
25266,3529,link,7.159535279115897
5624,388,to select,14.49484536082474
8192,24,conditional,341.3333333333333
4922,435,adapted,11.31494252873563
12454,293,the grammar,42.50511945392491
9781,67,tween,145.9850746268657
6486,622,measured,10.42765273311897
7022,68,vp,103.2647058823529
74859,13116,value,5.707456541628545
8079,2702,information about,2.9900074019245
7068,2559,majority,2.762016412661196
4862,404,subjective,12.03465346534654
21119,10,paper we,2111.9
13282,110,tic,120.7454545454545
9580,3016,formula,3.176392572944297
4797,232,interpreted,20.67672413793104
26459,5850,element,4.522905982905983
8725,569,improve the,15.33391915641476
10168,513,di,19.82066276803119
58812,8411,learning,6.99227202472952
12872,300,with respect,42.90666666666667
